MA,BA
98.96000000000001,10.459999999999999
9.8,100.0
9.8,100.0
10.36,0.0
